{"test_za.txt": {"avg_wer": 0.06517859387175427, "n_words": 79566}, "test_sg.txt": {"avg_wer": 0.1041180122387442, "n_words": 33827}, "test_in.txt": {"avg_wer": 0.0917730503776127, "n_words": 193717}, "test_au.txt": {"avg_wer": 0.07473389128138458, "n_words": 98456}, "test_hk.txt": {"avg_wer": 0.09729672313983749, "n_words": 37658}, "test_ie.txt": {"avg_wer": 0.07414933680850828, "n_words": 90547}, "test_uk.txt": {"avg_wer": 0.05755467674277114, "n_words": 249832}, "test_ph.txt": {"avg_wer": 0.08789310673443457, "n_words": 50368}, "test_de.txt": {"avg_wer": 0.055693512571333065, "n_words": 83762}, "test_ni.txt": {"avg_wer": 0.06859795971749935, "n_words": 61168}, "test_us.txt": {"avg_wer": 0.05410905124512344, "n_words": 729767}, "test_ca.txt": {"avg_wer": 0.05323396784964373, "n_words": 116204}, "test_nz.txt": {"avg_wer": 0.05364655076132683, "n_words": 107444}, "test_sc.txt": {"avg_wer": 0.3383421738004009, "n_words": 146674}}