{"test_za.txt": {"avg_wer": 0.06623432119246915, "n_words": 79566}, "test_sg.txt": {"avg_wer": 0.10408845005469004, "n_words": 33827}, "test_in.txt": {"avg_wer": 0.09270740306736115, "n_words": 193717}, "test_au.txt": {"avg_wer": 0.07607459169578289, "n_words": 98456}, "test_hk.txt": {"avg_wer": 0.09841202400552339, "n_words": 37658}, "test_ie.txt": {"avg_wer": 0.07525373562901035, "n_words": 90547}, "test_uk.txt": {"avg_wer": 0.05858336802331167, "n_words": 249832}, "test_ph.txt": {"avg_wer": 0.08813135324015248, "n_words": 50368}, "test_de.txt": {"avg_wer": 0.05640982784556243, "n_words": 83762}, "test_ni.txt": {"avg_wer": 0.07226000523149359, "n_words": 61168}, "test_us.txt": {"avg_wer": 0.05460647028435103, "n_words": 729767}, "test_ca.txt": {"avg_wer": 0.0536986678599704, "n_words": 116204}, "test_nz.txt": {"avg_wer": 0.05412121663378132, "n_words": 107444}, "test_sc.txt": {"avg_wer": 0.3330447114007936, "n_words": 146674}}