{"test_za.txt": {"avg_wer": 0.06581957117361688, "n_words": 79566}, "test_sg.txt": {"avg_wer": 0.10465013155171904, "n_words": 33827}, "test_in.txt": {"avg_wer": 0.09343526897484475, "n_words": 193717}, "test_au.txt": {"avg_wer": 0.07606443487446168, "n_words": 98456}, "test_hk.txt": {"avg_wer": 0.09873068139571937, "n_words": 37658}, "test_ie.txt": {"avg_wer": 0.0744806564546589, "n_words": 90547}, "test_uk.txt": {"avg_wer": 0.05900765314291204, "n_words": 249832}, "test_ph.txt": {"avg_wer": 0.0880519377382465, "n_words": 50368}, "test_de.txt": {"avg_wer": 0.05614717891167833, "n_words": 83762}, "test_ni.txt": {"avg_wer": 0.07162241695003924, "n_words": 61168}, "test_us.txt": {"avg_wer": 0.05456947217399526, "n_words": 729767}, "test_ca.txt": {"avg_wer": 0.053741695638704345, "n_words": 116204}, "test_nz.txt": {"avg_wer": 0.05377685119690257, "n_words": 107444}, "test_sc.txt": {"avg_wer": 0.33147660798778245, "n_words": 146674}}