{"test_za.txt": {"avg_wer": 0.0803860945630043, "n_words": 79566}, "test_sg.txt": {"avg_wer": 0.1337688828450646, "n_words": 33827}, "test_in.txt": {"avg_wer": 0.11669084282742351, "n_words": 193717}, "test_au.txt": {"avg_wer": 0.0937677744373121, "n_words": 98456}, "test_hk.txt": {"avg_wer": 0.12717085347071008, "n_words": 37658}, "test_ie.txt": {"avg_wer": 0.09208477365346174, "n_words": 90547}, "test_uk.txt": {"avg_wer": 0.0718162605270742, "n_words": 249832}, "test_ph.txt": {"avg_wer": 0.10895806861499364, "n_words": 50368}, "test_de.txt": {"avg_wer": 0.06708292543157995, "n_words": 83762}, "test_ni.txt": {"avg_wer": 0.084864635103322, "n_words": 61168}, "test_us.txt": {"avg_wer": 0.06695424704049374, "n_words": 729767}, "test_ca.txt": {"avg_wer": 0.06455027365667275, "n_words": 116204}, "test_nz.txt": {"avg_wer": 0.0700457912959309, "n_words": 107444}, "test_sc.txt": {"avg_wer": 0.36617941830181217, "n_words": 146674}}