{"test_za.txt": {"avg_wer": 0.06529170751325944, "n_words": 79566}, "test_sg.txt": {"avg_wer": 0.10385195258225678, "n_words": 33827}, "test_in.txt": {"avg_wer": 0.09306875493632463, "n_words": 193717}, "test_au.txt": {"avg_wer": 0.07540424148858374, "n_words": 98456}, "test_hk.txt": {"avg_wer": 0.09753571618248447, "n_words": 37658}, "test_ie.txt": {"avg_wer": 0.07368548930389743, "n_words": 90547}, "test_uk.txt": {"avg_wer": 0.05831518780620577, "n_words": 249832}, "test_ph.txt": {"avg_wer": 0.0877739834815756, "n_words": 50368}, "test_de.txt": {"avg_wer": 0.055956161505217164, "n_words": 83762}, "test_ni.txt": {"avg_wer": 0.0705270729793356, "n_words": 61168}, "test_us.txt": {"avg_wer": 0.0544571075425444, "n_words": 729767}, "test_ca.txt": {"avg_wer": 0.053363051185845584, "n_words": 116204}, "test_nz.txt": {"avg_wer": 0.053385949890175345, "n_words": 107444}, "test_sc.txt": {"avg_wer": 0.332110667193913, "n_words": 146674}}