{"test_za.txt": {"avg_wer": 0.08538823115401051, "n_words": 79566}, "test_sg.txt": {"avg_wer": 0.121116268069885, "n_words": 33827}, "test_in.txt": {"avg_wer": 0.13078872788655616, "n_words": 193717}, "test_au.txt": {"avg_wer": 0.10205574063541074, "n_words": 98456}, "test_hk.txt": {"avg_wer": 0.12679908651548144, "n_words": 37658}, "test_ie.txt": {"avg_wer": 0.08962196428374214, "n_words": 90547}, "test_uk.txt": {"avg_wer": 0.07503442313234493, "n_words": 249832}, "test_ph.txt": {"avg_wer": 0.10437182337992376, "n_words": 50368}, "test_de.txt": {"avg_wer": 0.08447744800744968, "n_words": 83762}, "test_ni.txt": {"avg_wer": 0.06598221292178917, "n_words": 61168}, "test_us.txt": {"avg_wer": 0.0687548217444746, "n_words": 729767}, "test_ca.txt": {"avg_wer": 0.06299266806650373, "n_words": 116204}, "test_nz.txt": {"avg_wer": 0.06819366367596143, "n_words": 107444}, "test_sc.txt": {"avg_wer": 0.3847648526664576, "n_words": 146674}}