{"test_za.txt": {"avg_wer": 0.08629851688229725, "n_words": 79225}, "test_sg.txt": {"avg_wer": 0.12145161767753011, "n_words": 33783}, "test_in.txt": {"avg_wer": 0.13365216629475213, "n_words": 194041}, "test_au.txt": {"avg_wer": 0.10294828916902496, "n_words": 97175}, "test_hk.txt": {"avg_wer": 0.1268158086942408, "n_words": 36967}, "test_ie.txt": {"avg_wer": 0.09053359373246234, "n_words": 89094}, "test_uk.txt": {"avg_wer": 0.07453151789406903, "n_words": 249049}, "test_ph.txt": {"avg_wer": 0.10480305866422399, "n_words": 50218}, "test_de.txt": {"avg_wer": 0.08332335257623302, "n_words": 83494}, "test_ni.txt": {"avg_wer": 0.06630367245495275, "n_words": 61158}, "test_us.txt": {"avg_wer": 0.06843180172561504, "n_words": 723684}, "test_ca.txt": {"avg_wer": 0.06683178997695753, "n_words": 115873}, "test_nz.txt": {"avg_wer": 0.06824322416049255, "n_words": 106223}, "test_sc.txt": {"avg_wer": 0.38854191027775103, "n_words": 145382}}