{"test_za.txt": {"avg_wer": 0.06537968478998567, "n_words": 79566}, "test_sg.txt": {"avg_wer": 0.10473881810388151, "n_words": 33827}, "test_in.txt": {"avg_wer": 0.09260932184578535, "n_words": 193717}, "test_au.txt": {"avg_wer": 0.07555659380840173, "n_words": 98456}, "test_hk.txt": {"avg_wer": 0.09899622922088268, "n_words": 37658}, "test_ie.txt": {"avg_wer": 0.07505494384131997, "n_words": 90547}, "test_uk.txt": {"avg_wer": 0.05804700758909988, "n_words": 249832}, "test_ph.txt": {"avg_wer": 0.089481416772554, "n_words": 50368}, "test_de.txt": {"avg_wer": 0.0561352403237745, "n_words": 83762}, "test_ni.txt": {"avg_wer": 0.07170415903740518, "n_words": 61168}, "test_us.txt": {"avg_wer": 0.05437763012029867, "n_words": 729767}, "test_ca.txt": {"avg_wer": 0.053750301194451136, "n_words": 116204}, "test_nz.txt": {"avg_wer": 0.05341387141208444, "n_words": 107444}, "test_sc.txt": {"avg_wer": 0.33495370686011156, "n_words": 146674}}