{"test_za.txt": {"avg_wer": 0.07527084433049293, "n_words": 79566}, "test_sg.txt": {"avg_wer": 0.12389511337097585, "n_words": 33827}, "test_in.txt": {"avg_wer": 0.10840556068904639, "n_words": 193717}, "test_au.txt": {"avg_wer": 0.08501259445843828, "n_words": 98456}, "test_hk.txt": {"avg_wer": 0.12185989696744384, "n_words": 37658}, "test_ie.txt": {"avg_wer": 0.091687190078081, "n_words": 90547}, "test_uk.txt": {"avg_wer": 0.07022318998366903, "n_words": 249832}, "test_ph.txt": {"avg_wer": 0.10280336721728081, "n_words": 50368}, "test_de.txt": {"avg_wer": 0.0671545569590029, "n_words": 83762}, "test_ni.txt": {"avg_wer": 0.08017263928851687, "n_words": 61168}, "test_us.txt": {"avg_wer": 0.06375733624567842, "n_words": 729767}, "test_ca.txt": {"avg_wer": 0.06096175691026127, "n_words": 116204}, "test_nz.txt": {"avg_wer": 0.06609024235881017, "n_words": 107444}, "test_sc.txt": {"avg_wer": 0.36955424956024924, "n_words": 146674}}