{"test_za.txt": {"avg_wer": 0.08560429157462922, "n_words": 79225}, "test_sg.txt": {"avg_wer": 0.12121481218364266, "n_words": 33783}, "test_in.txt": {"avg_wer": 0.13070195436364013, "n_words": 193004}, "test_au.txt": {"avg_wer": 0.10211987407498263, "n_words": 97836}, "test_hk.txt": {"avg_wer": 0.12646414369572861, "n_words": 36967}, "test_ie.txt": {"avg_wer": 0.08971710821733274, "n_words": 89080}, "test_uk.txt": {"avg_wer": 0.07497857408515386, "n_words": 247364}, "test_ph.txt": {"avg_wer": 0.10442470827193437, "n_words": 50218}, "test_de.txt": {"avg_wer": 0.08447256880186257, "n_words": 83755}, "test_ni.txt": {"avg_wer": 0.06596029955198011, "n_words": 61158}, "test_us.txt": {"avg_wer": 0.06878333925110078, "n_words": 723809}, "test_ca.txt": {"avg_wer": 0.06303308934728692, "n_words": 115717}, "test_nz.txt": {"avg_wer": 0.06812084011937151, "n_words": 106223}, "test_sc.txt": {"avg_wer": 0.3869667496663961, "n_words": 145382}}