{"test_za.txt": {"avg_wer": 0.06509061659502803, "n_words": 79566}, "test_sg.txt": {"avg_wer": 0.10648298696307683, "n_words": 33827}, "test_in.txt": {"avg_wer": 0.09209826705967984, "n_words": 193717}, "test_au.txt": {"avg_wer": 0.074449500284391, "n_words": 98456}, "test_hk.txt": {"avg_wer": 0.09973976313133995, "n_words": 37658}, "test_ie.txt": {"avg_wer": 0.0752316476526003, "n_words": 90547}, "test_uk.txt": {"avg_wer": 0.05749063370585033, "n_words": 249832}, "test_ph.txt": {"avg_wer": 0.08954097839898348, "n_words": 50368}, "test_de.txt": {"avg_wer": 0.05575320551085217, "n_words": 83762}, "test_ni.txt": {"avg_wer": 0.06717564739733194, "n_words": 61168}, "test_us.txt": {"avg_wer": 0.05523680846078269, "n_words": 729767}, "test_ca.txt": {"avg_wer": 0.05457643454614299, "n_words": 116204}, "test_nz.txt": {"avg_wer": 0.05557313577305387, "n_words": 107444}, "test_sc.txt": {"avg_wer": 0.3377353859579748, "n_words": 146674}}