{"test_za.txt": {"avg_wer": 0.07269170085200378, "n_words": 79225}, "test_sg.txt": {"avg_wer": 0.10934493680253382, "n_words": 33783}, "test_in.txt": {"avg_wer": 0.11211684731922654, "n_words": 193004}, "test_au.txt": {"avg_wer": 0.10006541559344209, "n_words": 97836}, "test_hk.txt": {"avg_wer": 0.10149592880136338, "n_words": 36967}, "test_ie.txt": {"avg_wer": 0.07923215087561743, "n_words": 89080}, "test_uk.txt": {"avg_wer": 0.06735822512572565, "n_words": 247364}, "test_ph.txt": {"avg_wer": 0.0927157592894978, "n_words": 50218}, "test_de.txt": {"avg_wer": 0.07988776789445406, "n_words": 83755}, "test_ni.txt": {"avg_wer": 0.07493704830112169, "n_words": 61158}, "test_us.txt": {"avg_wer": 0.056400238184382896, "n_words": 723809}, "test_ca.txt": {"avg_wer": 0.05663817762299403, "n_words": 115717}, "test_nz.txt": {"avg_wer": 0.06345141824275345, "n_words": 106223}, "test_sc.txt": {"avg_wer": 0.33457374365464776, "n_words": 145382}}