{"test_za.txt": {"avg_wer": 0.07679159439961793, "n_words": 79566}, "test_sg.txt": {"avg_wer": 0.12433854613178821, "n_words": 33827}, "test_in.txt": {"avg_wer": 0.10877723689712313, "n_words": 193717}, "test_au.txt": {"avg_wer": 0.08911595027220282, "n_words": 98456}, "test_hk.txt": {"avg_wer": 0.11439800308035478, "n_words": 37658}, "test_ie.txt": {"avg_wer": 0.08936795255502668, "n_words": 90547}, "test_uk.txt": {"avg_wer": 0.0685940952319959, "n_words": 249832}, "test_ph.txt": {"avg_wer": 0.10522554002541296, "n_words": 50368}, "test_de.txt": {"avg_wer": 0.06853943315584633, "n_words": 83762}, "test_ni.txt": {"avg_wer": 0.08058134972534658, "n_words": 61168}, "test_us.txt": {"avg_wer": 0.06518107834418382, "n_words": 729767}, "test_ca.txt": {"avg_wer": 0.06318199029293312, "n_words": 116204}, "test_nz.txt": {"avg_wer": 0.0644614869141134, "n_words": 107444}, "test_sc.txt": {"avg_wer": 0.3635136424996932, "n_words": 146674}}