{"test_za.txt": {"avg_wer": 0.9909886132267551, "n_words": 79566}, "test_sg.txt": {"avg_wer": 0.9704673781298963, "n_words": 33827}, "test_in.txt": {"avg_wer": 0.9816639737348813, "n_words": 193717}, "test_au.txt": {"avg_wer": 0.9814739579101325, "n_words": 98456}, "test_hk.txt": {"avg_wer": 1.0211376068829996, "n_words": 37658}, "test_ie.txt": {"avg_wer": 0.9865373783780799, "n_words": 90547}, "test_uk.txt": {"avg_wer": 0.991430241122034, "n_words": 249832}, "test_ph.txt": {"avg_wer": 0.9733759529860229, "n_words": 50368}, "test_de.txt": {"avg_wer": 0.9508130178362503, "n_words": 83762}, "test_ni.txt": {"avg_wer": 0.9468349463771907, "n_words": 61168}, "test_us.txt": {"avg_wer": 0.9842278425853731, "n_words": 729767}, "test_ca.txt": {"avg_wer": 0.9728752882861175, "n_words": 116204}, "test_nz.txt": {"avg_wer": 1.0004374371765756, "n_words": 107444}, "test_sc.txt": {"avg_wer": 0.9813122980214626, "n_words": 146674}}