{"test_za.txt": {"avg_wer": 0.06509061659502803, "n_words": 79566}, "test_sg.txt": {"avg_wer": 0.10397020131847341, "n_words": 33827}, "test_in.txt": {"avg_wer": 0.09256802448933238, "n_words": 193717}, "test_au.txt": {"avg_wer": 0.07480498903063297, "n_words": 98456}, "test_hk.txt": {"avg_wer": 0.0975622709650008, "n_words": 37658}, "test_ie.txt": {"avg_wer": 0.07514329574696015, "n_words": 90547}, "test_uk.txt": {"avg_wer": 0.05648195587434756, "n_words": 249832}, "test_ph.txt": {"avg_wer": 0.0874960292249047, "n_words": 50368}, "test_de.txt": {"avg_wer": 0.056123301735870684, "n_words": 83762}, "test_ni.txt": {"avg_wer": 0.07091943499869213, "n_words": 61168}, "test_us.txt": {"avg_wer": 0.054229637678875585, "n_words": 729767}, "test_ca.txt": {"avg_wer": 0.05408591786857595, "n_words": 116204}, "test_nz.txt": {"avg_wer": 0.052967127061539034, "n_words": 107444}, "test_sc.txt": {"avg_wer": 0.3375990291394521, "n_words": 146674}}