{"test_za.txt": {"avg_wer": 0.06532941206042782, "n_words": 79566}, "test_sg.txt": {"avg_wer": 0.10405888787063589, "n_words": 33827}, "test_in.txt": {"avg_wer": 0.09217053743347255, "n_words": 193717}, "test_au.txt": {"avg_wer": 0.07468310717477858, "n_words": 98456}, "test_hk.txt": {"avg_wer": 0.09769504487758245, "n_words": 37658}, "test_ie.txt": {"avg_wer": 0.075065987829525, "n_words": 90547}, "test_uk.txt": {"avg_wer": 0.05771478433507317, "n_words": 249832}, "test_ph.txt": {"avg_wer": 0.08878653113087674, "n_words": 50368}, "test_de.txt": {"avg_wer": 0.05615911749958215, "n_words": 83762}, "test_ni.txt": {"avg_wer": 0.06941538059115877, "n_words": 61168}, "test_us.txt": {"avg_wer": 0.054243340682711055, "n_words": 729767}, "test_ca.txt": {"avg_wer": 0.05349213452204744, "n_words": 116204}, "test_nz.txt": {"avg_wer": 0.05384200141469044, "n_words": 107444}, "test_sc.txt": {"avg_wer": 0.3363036393634864, "n_words": 146674}}