{"test_za.txt": {"avg_wer": 0.06544252570193299, "n_words": 79566}, "test_sg.txt": {"avg_wer": 0.10408845005469004, "n_words": 33827}, "test_in.txt": {"avg_wer": 0.09214472658568944, "n_words": 193717}, "test_au.txt": {"avg_wer": 0.07466279353213619, "n_words": 98456}, "test_hk.txt": {"avg_wer": 0.09761538053003346, "n_words": 37658}, "test_ie.txt": {"avg_wer": 0.07514329574696015, "n_words": 90547}, "test_uk.txt": {"avg_wer": 0.05776281661276378, "n_words": 249832}, "test_ph.txt": {"avg_wer": 0.08902477763659467, "n_words": 50368}, "test_de.txt": {"avg_wer": 0.05621881043910126, "n_words": 83762}, "test_ni.txt": {"avg_wer": 0.06957886476589066, "n_words": 61168}, "test_us.txt": {"avg_wer": 0.054268006089614906, "n_words": 729767}, "test_ca.txt": {"avg_wer": 0.053578190079515337, "n_words": 116204}, "test_nz.txt": {"avg_wer": 0.05399091619820558, "n_words": 107444}, "test_sc.txt": {"avg_wer": 0.3350082495875206, "n_words": 146674}}