{"test_za.txt": {"avg_wer": 0.06605836663901667, "n_words": 79566}, "test_sg.txt": {"avg_wer": 0.10479794247198983, "n_words": 33827}, "test_in.txt": {"avg_wer": 0.09379662084380823, "n_words": 193717}, "test_au.txt": {"avg_wer": 0.07558706427236532, "n_words": 98456}, "test_hk.txt": {"avg_wer": 0.09772159966009879, "n_words": 37658}, "test_ie.txt": {"avg_wer": 0.07459109633670911, "n_words": 90547}, "test_uk.txt": {"avg_wer": 0.0585233276761984, "n_words": 249832}, "test_ph.txt": {"avg_wer": 0.08823062261753495, "n_words": 50368}, "test_de.txt": {"avg_wer": 0.055789021274563644, "n_words": 83762}, "test_ni.txt": {"avg_wer": 0.07041263405702328, "n_words": 61168}, "test_us.txt": {"avg_wer": 0.05447218084676342, "n_words": 729767}, "test_ca.txt": {"avg_wer": 0.05339747340883274, "n_words": 116204}, "test_nz.txt": {"avg_wer": 0.05271583336435725, "n_words": 107444}, "test_sc.txt": {"avg_wer": 0.32883128570844183, "n_words": 146674}}