Wall time,Step,Value
1717514928.8235483,0,0.38676026463508606
1717519898.1807392,1,0.4461812973022461
1717524854.3882425,2,0.4461812973022461
1717529816.1885622,3,0.4461812973022461
1717534776.0798216,4,0.4461812973022461
1717539729.3978643,5,0.4461812973022461
1717544692.3564916,6,0.4461812973022461
1717549646.1384058,7,0.4461812973022461
1717554590.315693,8,0.4461812973022461
1717559530.4955266,9,0.4461812973022461
