Wall time,Step,Value
1717348805.9462414,0,0.5071479082107544
1717350500.7424073,1,0.5325861573219299
1717352195.876946,2,0.4436592757701874
1717353882.5636828,3,0.5330337882041931
1717355574.014604,4,0.5330337882041931
1717357272.626604,5,0.5330337882041931
1717358971.4089959,6,0.5330337882041931
1717360664.3135967,7,0.5330337882041931
1717362357.537506,8,0.5330337882041931
1717364047.343886,9,0.5330337882041931


