Wall time,Step,Value
1717348806.015225,0,0.9016666412353516
1717350500.7428386,1,0.9108333587646484
1717352195.8773751,2,0.9679166674613953
1717353882.5641,3,0.9143750071525574
1717355574.0151038,4,0.9143750071525574
1717357272.6271443,5,0.9143750071525574
1717358971.4095085,6,0.9143750071525574
1717360664.3140953,7,0.9143750071525574
1717362357.538059,8,0.9143750071525574
1717364047.3443632,9,0.9143750071525574

