{"test_za.txt": {"avg_wer": 0.06541738933715406, "n_words": 79566}, "test_sg.txt": {"avg_wer": 0.10355633074171519, "n_words": 33827}, "test_in.txt": {"avg_wer": 0.09206729404234011, "n_words": 193717}, "test_au.txt": {"avg_wer": 0.07455106849760298, "n_words": 98456}, "test_hk.txt": {"avg_wer": 0.09729672313983749, "n_words": 37658}, "test_ie.txt": {"avg_wer": 0.0746904922305543, "n_words": 90547}, "test_uk.txt": {"avg_wer": 0.05736254763200871, "n_words": 249832}, "test_ph.txt": {"avg_wer": 0.08797252223634053, "n_words": 50368}, "test_de.txt": {"avg_wer": 0.05559800386810248, "n_words": 83762}, "test_ni.txt": {"avg_wer": 0.0693990321736856, "n_words": 61168}, "test_us.txt": {"avg_wer": 0.054036425324795447, "n_words": 729767}, "test_ca.txt": {"avg_wer": 0.05306185673470793, "n_words": 116204}, "test_nz.txt": {"avg_wer": 0.053283570976508696, "n_words": 107444}, "test_sc.txt": {"avg_wer": 0.33800809959502026, "n_words": 146674}}