{"test_za.txt": {"avg_wer": 0.06536711660759621, "n_words": 79566}, "test_sg.txt": {"avg_wer": 0.1050935643125314, "n_words": 33827}, "test_in.txt": {"avg_wer": 0.09413216186498861, "n_words": 193717}, "test_au.txt": {"avg_wer": 0.07528235963272933, "n_words": 98456}, "test_hk.txt": {"avg_wer": 0.09753571618248447, "n_words": 37658}, "test_ie.txt": {"avg_wer": 0.07407202889107314, "n_words": 90547}, "test_uk.txt": {"avg_wer": 0.05873947292580614, "n_words": 249832}, "test_ph.txt": {"avg_wer": 0.08787325285895807, "n_words": 50368}, "test_de.txt": {"avg_wer": 0.05662472242783124, "n_words": 83762}, "test_ni.txt": {"avg_wer": 0.07015105937745227, "n_words": 61168}, "test_us.txt": {"avg_wer": 0.05462702479010424, "n_words": 729767}, "test_ca.txt": {"avg_wer": 0.05350934563354101, "n_words": 116204}, "test_nz.txt": {"avg_wer": 0.0528182122780239, "n_words": 107444}, "test_sc.txt": {"avg_wer": 0.32553145070019224, "n_words": 146674}}