{"test_za.txt": {"avg_wer": 0.06514088932458588, "n_words": 79566}, "test_sg.txt": {"avg_wer": 0.1106512549147131, "n_words": 33827}, "test_in.txt": {"avg_wer": 0.09301197107120181, "n_words": 193717}, "test_au.txt": {"avg_wer": 0.07532298691801413, "n_words": 98456}, "test_hk.txt": {"avg_wer": 0.10223591268787509, "n_words": 37658}, "test_ie.txt": {"avg_wer": 0.07639126641412747, "n_words": 90547}, "test_uk.txt": {"avg_wer": 0.05804700758909988, "n_words": 249832}, "test_ph.txt": {"avg_wer": 0.09083148030495553, "n_words": 50368}, "test_de.txt": {"avg_wer": 0.05623074902700509, "n_words": 83762}, "test_ni.txt": {"avg_wer": 0.06807481035835732, "n_words": 61168}, "test_us.txt": {"avg_wer": 0.05670851107271225, "n_words": 729767}, "test_ca.txt": {"avg_wer": 0.05508416233520361, "n_words": 116204}, "test_nz.txt": {"avg_wer": 0.05767655709020513, "n_words": 107444}, "test_sc.txt": {"avg_wer": 0.33800809959502026, "n_words": 146674}}