{"test_za.txt": {"avg_wer": 0.10109845914083905, "n_words": 79566}, "test_sg.txt": {"avg_wer": 0.15780293848109497, "n_words": 33827}, "test_in.txt": {"avg_wer": 0.13238900044910876, "n_words": 193717}, "test_au.txt": {"avg_wer": 0.13205899081823352, "n_words": 98456}, "test_hk.txt": {"avg_wer": 0.1436348186308354, "n_words": 37658}, "test_ie.txt": {"avg_wer": 0.1218262338895822, "n_words": 90547}, "test_uk.txt": {"avg_wer": 0.09271830670210382, "n_words": 249832}, "test_ph.txt": {"avg_wer": 0.1332989199491741, "n_words": 50368}, "test_de.txt": {"avg_wer": 0.08342685227191328, "n_words": 83762}, "test_ni.txt": {"avg_wer": 0.1055126863719592, "n_words": 61168}, "test_us.txt": {"avg_wer": 0.07498146668731252, "n_words": 729767}, "test_ca.txt": {"avg_wer": 0.07128842380640942, "n_words": 116204}, "test_nz.txt": {"avg_wer": 0.10972227392874427, "n_words": 107444}, "test_sc.txt": {"avg_wer": 0.39109180904591134, "n_words": 146674}}