{"test_za.txt": {"avg_wer": 0.06525400296609105, "n_words": 79566}, "test_sg.txt": {"avg_wer": 0.10343808200549856, "n_words": 33827}, "test_in.txt": {"avg_wer": 0.0919434019729812, "n_words": 193717}, "test_au.txt": {"avg_wer": 0.07421589339400342, "n_words": 98456}, "test_hk.txt": {"avg_wer": 0.0971373944447395, "n_words": 37658}, "test_ie.txt": {"avg_wer": 0.07465736026593923, "n_words": 90547}, "test_uk.txt": {"avg_wer": 0.05740257453008422, "n_words": 249832}, "test_ph.txt": {"avg_wer": 0.08787325285895807, "n_words": 50368}, "test_de.txt": {"avg_wer": 0.055777082686659825, "n_words": 83762}, "test_ni.txt": {"avg_wer": 0.06931729008631965, "n_words": 61168}, "test_us.txt": {"avg_wer": 0.05403916592556254, "n_words": 729767}, "test_ca.txt": {"avg_wer": 0.053182334515162986, "n_words": 116204}, "test_nz.txt": {"avg_wer": 0.0532649566285693, "n_words": 107444}, "test_sc.txt": {"avg_wer": 0.3376672075487135, "n_words": 146674}}