{"test_za.txt": {"avg_wer": 0.09719154307352477, "n_words": 79225}, "test_sg.txt": {"avg_wer": 0.13873841873131457, "n_words": 33783}, "test_in.txt": {"avg_wer": 0.1549569420895584, "n_words": 194041}, "test_au.txt": {"avg_wer": 0.11713918188834577, "n_words": 97175}, "test_hk.txt": {"avg_wer": 0.14642789514972815, "n_words": 36967}, "test_ie.txt": {"avg_wer": 0.09947920174198038, "n_words": 89094}, "test_uk.txt": {"avg_wer": 0.08328883071202856, "n_words": 249049}, "test_ph.txt": {"avg_wer": 0.11724879525269824, "n_words": 50218}, "test_de.txt": {"avg_wer": 0.09631829832083742, "n_words": 83494}, "test_ni.txt": {"avg_wer": 0.07550933647274273, "n_words": 61158}, "test_us.txt": {"avg_wer": 0.07559238562687581, "n_words": 723684}, "test_ca.txt": {"avg_wer": 0.07348562650488034, "n_words": 115873}, "test_nz.txt": {"avg_wer": 0.0836447850277247, "n_words": 106223}, "test_sc.txt": {"avg_wer": 0.4132148409018998, "n_words": 145382}}