{"test_za.txt": {"avg_wer": 0.07917954905361586, "n_words": 79566}, "test_sg.txt": {"avg_wer": 0.13184734088154432, "n_words": 33827}, "test_in.txt": {"avg_wer": 0.10951026497416334, "n_words": 193717}, "test_au.txt": {"avg_wer": 0.0907613553262371, "n_words": 98456}, "test_hk.txt": {"avg_wer": 0.12151468479473153, "n_words": 37658}, "test_ie.txt": {"avg_wer": 0.09406164754216043, "n_words": 90547}, "test_uk.txt": {"avg_wer": 0.0709076499407602, "n_words": 249832}, "test_ph.txt": {"avg_wer": 0.10262468233799238, "n_words": 50368}, "test_de.txt": {"avg_wer": 0.06744108306869463, "n_words": 83762}, "test_ni.txt": {"avg_wer": 0.07996010986136542, "n_words": 61168}, "test_us.txt": {"avg_wer": 0.06310096236195936, "n_words": 729767}, "test_ca.txt": {"avg_wer": 0.06122852913841176, "n_words": 116204}, "test_nz.txt": {"avg_wer": 0.07065075760396114, "n_words": 107444}, "test_sc.txt": {"avg_wer": 0.36508174591270437, "n_words": 146674}}