{"test_za.txt": {"avg_wer": 0.06493979840635447, "n_words": 79566}, "test_sg.txt": {"avg_wer": 0.1041180122387442, "n_words": 33827}, "test_in.txt": {"avg_wer": 0.09248542977642643, "n_words": 193717}, "test_au.txt": {"avg_wer": 0.07492687088648736, "n_words": 98456}, "test_hk.txt": {"avg_wer": 0.09695151096712518, "n_words": 37658}, "test_ie.txt": {"avg_wer": 0.07430395264337858, "n_words": 90547}, "test_uk.txt": {"avg_wer": 0.0578828973069903, "n_words": 249832}, "test_ph.txt": {"avg_wer": 0.0880519377382465, "n_words": 50368}, "test_de.txt": {"avg_wer": 0.055777082686659825, "n_words": 83762}, "test_ni.txt": {"avg_wer": 0.0686633533873921, "n_words": 61168}, "test_us.txt": {"avg_wer": 0.05424471098309461, "n_words": 729767}, "test_ca.txt": {"avg_wer": 0.053276995628377684, "n_words": 116204}, "test_nz.txt": {"avg_wer": 0.053618629239417744, "n_words": 107444}, "test_sc.txt": {"avg_wer": 0.3365081745912704, "n_words": 146674}}