{"test_za.txt": {"avg_wer": 0.05111479777794535, "n_words": 79566}, "test_sg.txt": {"avg_wer": 0.06749046619564253, "n_words": 33827}, "test_in.txt": {"avg_wer": 0.07311108713633258, "n_words": 194649}, "test_au.txt": {"avg_wer": 0.05739321634945856, "n_words": 490267}, "test_hk.txt": {"avg_wer": 0.07536247278134792, "n_words": 37658}, "test_ie.txt": {"avg_wer": 0.05579844550432786, "n_words": 90576}, "test_uk.txt": {"avg_wer": 0.05143654493550941, "n_words": 250114}, "test_ph.txt": {"avg_wer": 0.06351254764930114, "n_words": 50368}, "test_de.txt": {"avg_wer": 0.045109013449168824, "n_words": 83797}, "test_us.txt": {"avg_wer": 0.050534273835902296, "n_words": 310047}, "test_ca.txt": {"avg_wer": 0.05176507152662068, "n_words": 115831}, "test_nz.txt": {"avg_wer": 0.04327835895908566, "n_words": 107444}, "test_sc.txt": {"avg_wer": 0.12348473485416639, "n_words": 146674}}