{"test_za.txt": {"avg_wer": 0.08048664002212, "n_words": 79566}, "test_sg.txt": {"avg_wer": 0.12064327312501848, "n_words": 33827}, "test_in.txt": {"avg_wer": 0.11578230098545816, "n_words": 193717}, "test_au.txt": {"avg_wer": 0.09493580888925002, "n_words": 98456}, "test_hk.txt": {"avg_wer": 0.1145042222104201, "n_words": 37658}, "test_ie.txt": {"avg_wer": 0.0878328381945288, "n_words": 90547}, "test_uk.txt": {"avg_wer": 0.07179624707803645, "n_words": 249832}, "test_ph.txt": {"avg_wer": 0.10379606099110546, "n_words": 50368}, "test_de.txt": {"avg_wer": 0.07269406174637665, "n_words": 83762}, "test_ni.txt": {"avg_wer": 0.07672312320167408, "n_words": 61168}, "test_us.txt": {"avg_wer": 0.06670622267107172, "n_words": 729767}, "test_ca.txt": {"avg_wer": 0.06478262366183608, "n_words": 116204}, "test_nz.txt": {"avg_wer": 0.06793306280480994, "n_words": 107444}, "test_sc.txt": {"avg_wer": 0.34029207630527564, "n_words": 146674}}