{"test_za.txt": {"avg_wer": 0.06522886660131212, "n_words": 79566}, "test_sg.txt": {"avg_wer": 0.1039110769503651, "n_words": 33827}, "test_in.txt": {"avg_wer": 0.0919898614989908, "n_words": 193717}, "test_au.txt": {"avg_wer": 0.07491671406516616, "n_words": 98456}, "test_hk.txt": {"avg_wer": 0.09817303096287641, "n_words": 37658}, "test_ie.txt": {"avg_wer": 0.07483406407721957, "n_words": 90547}, "test_uk.txt": {"avg_wer": 0.05775481123314868, "n_words": 249832}, "test_ph.txt": {"avg_wer": 0.08860784625158831, "n_words": 50368}, "test_de.txt": {"avg_wer": 0.05618299467538979, "n_words": 83762}, "test_ni.txt": {"avg_wer": 0.0686633533873921, "n_words": 61168}, "test_us.txt": {"avg_wer": 0.05424197038232751, "n_words": 729767}, "test_ca.txt": {"avg_wer": 0.053578190079515337, "n_words": 116204}, "test_nz.txt": {"avg_wer": 0.053451100107963216, "n_words": 107444}, "test_sc.txt": {"avg_wer": 0.3359695651581057, "n_words": 146674}}