{"test_za.txt": {"avg_wer": 0.06488952567679662, "n_words": 79566}, "test_sg.txt": {"avg_wer": 0.10630561385875188, "n_words": 33827}, "test_in.txt": {"avg_wer": 0.09251640279376616, "n_words": 193717}, "test_au.txt": {"avg_wer": 0.07469326399609978, "n_words": 98456}, "test_hk.txt": {"avg_wer": 0.09931488661107865, "n_words": 37658}, "test_ie.txt": {"avg_wer": 0.075065987829525, "n_words": 90547}, "test_uk.txt": {"avg_wer": 0.057862883857952546, "n_words": 249832}, "test_ph.txt": {"avg_wer": 0.08989834815756036, "n_words": 50368}, "test_de.txt": {"avg_wer": 0.056039731620543924, "n_words": 83762}, "test_ni.txt": {"avg_wer": 0.06707755689249281, "n_words": 61168}, "test_us.txt": {"avg_wer": 0.05542728021409573, "n_words": 729767}, "test_ca.txt": {"avg_wer": 0.05455922343464941, "n_words": 116204}, "test_nz.txt": {"avg_wer": 0.05537768511969026, "n_words": 107444}, "test_sc.txt": {"avg_wer": 0.33433328333583323, "n_words": 146674}}