{"test_za.txt": {"avg_wer": 0.06517859387175427, "n_words": 79566}, "test_sg.txt": {"avg_wer": 0.1108581902030922, "n_words": 33827}, "test_in.txt": {"avg_wer": 0.09299648456253194, "n_words": 193717}, "test_au.txt": {"avg_wer": 0.07521126188348094, "n_words": 98456}, "test_hk.txt": {"avg_wer": 0.10212969355780976, "n_words": 37658}, "test_ie.txt": {"avg_wer": 0.0766231901664329, "n_words": 90547}, "test_uk.txt": {"avg_wer": 0.05801898876044702, "n_words": 249832}, "test_ph.txt": {"avg_wer": 0.09112928843710293, "n_words": 50368}, "test_de.txt": {"avg_wer": 0.05607554738425539, "n_words": 83762}, "test_ni.txt": {"avg_wer": 0.06792767460109861, "n_words": 61168}, "test_us.txt": {"avg_wer": 0.05645637580213959, "n_words": 729767}, "test_ca.txt": {"avg_wer": 0.05493786788750817, "n_words": 116204}, "test_nz.txt": {"avg_wer": 0.05762071404638695, "n_words": 107444}, "test_sc.txt": {"avg_wer": 0.3394193926667303, "n_words": 146674}}