{"test_za.txt": {"avg_wer": 0.06532941206042782, "n_words": 79566}, "test_sg.txt": {"avg_wer": 0.10408845005469004, "n_words": 33827}, "test_in.txt": {"avg_wer": 0.0920879427205666, "n_words": 193717}, "test_au.txt": {"avg_wer": 0.07462216624685139, "n_words": 98456}, "test_hk.txt": {"avg_wer": 0.09777470922513144, "n_words": 37658}, "test_ie.txt": {"avg_wer": 0.07518747169978023, "n_words": 90547}, "test_uk.txt": {"avg_wer": 0.05777882737199398, "n_words": 249832}, "test_ph.txt": {"avg_wer": 0.08906448538754765, "n_words": 50368}, "test_de.txt": {"avg_wer": 0.05623074902700509, "n_words": 83762}, "test_ni.txt": {"avg_wer": 0.06956251634841747, "n_words": 61168}, "test_us.txt": {"avg_wer": 0.05428170909345038, "n_words": 729767}, "test_ca.txt": {"avg_wer": 0.05358679563526213, "n_words": 116204}, "test_nz.txt": {"avg_wer": 0.0539350731543874, "n_words": 107444}, "test_sc.txt": {"avg_wer": 0.33513097072419107, "n_words": 146674}}