{"test_za.txt": {"avg_wer": 0.06471357112334414, "n_words": 79566}, "test_sg.txt": {"avg_wer": 0.10447275844739409, "n_words": 33827}, "test_in.txt": {"avg_wer": 0.09182983424273554, "n_words": 193717}, "test_au.txt": {"avg_wer": 0.07437840253514261, "n_words": 98456}, "test_hk.txt": {"avg_wer": 0.09711083966222317, "n_words": 37658}, "test_ie.txt": {"avg_wer": 0.07401680895004804, "n_words": 90547}, "test_uk.txt": {"avg_wer": 0.05772679240449582, "n_words": 249832}, "test_ph.txt": {"avg_wer": 0.08787325285895807, "n_words": 50368}, "test_de.txt": {"avg_wer": 0.05571738974714071, "n_words": 83762}, "test_ni.txt": {"avg_wer": 0.06792767460109861, "n_words": 61168}, "test_us.txt": {"avg_wer": 0.05447218084676342, "n_words": 729767}, "test_ca.txt": {"avg_wer": 0.05319094007090978, "n_words": 116204}, "test_nz.txt": {"avg_wer": 0.05307881314917538, "n_words": 107444}, "test_sc.txt": {"avg_wer": 0.3359491116353273, "n_words": 146674}}