{"test_za.txt": {"avg_wer": 0.08496091295276877, "n_words": 79566}, "test_sg.txt": {"avg_wer": 0.12368817808259674, "n_words": 33827}, "test_in.txt": {"avg_wer": 0.1202114424650392, "n_words": 193717}, "test_au.txt": {"avg_wer": 0.09684529129763549, "n_words": 98456}, "test_hk.txt": {"avg_wer": 0.11222051091401561, "n_words": 37658}, "test_ie.txt": {"avg_wer": 0.0898649320242526, "n_words": 90547}, "test_uk.txt": {"avg_wer": 0.07107176022286976, "n_words": 249832}, "test_ph.txt": {"avg_wer": 0.10383576874205845, "n_words": 50368}, "test_de.txt": {"avg_wer": 0.07762469855065543, "n_words": 83762}, "test_ni.txt": {"avg_wer": 0.08131702851164008, "n_words": 61168}, "test_us.txt": {"avg_wer": 0.07413599135066398, "n_words": 729767}, "test_ca.txt": {"avg_wer": 0.06931775154039448, "n_words": 116204}, "test_nz.txt": {"avg_wer": 0.07070660064777931, "n_words": 107444}, "test_sc.txt": {"avg_wer": 0.3637659026139602, "n_words": 146674}}