{"test_za.txt": {"avg_wer": 0.06742829851946812, "n_words": 79566}, "test_sg.txt": {"avg_wer": 0.10763591214118899, "n_words": 33827}, "test_in.txt": {"avg_wer": 0.0941528105432151, "n_words": 193717}, "test_au.txt": {"avg_wer": 0.07609490533842529, "n_words": 98456}, "test_hk.txt": {"avg_wer": 0.10117372138722183, "n_words": 37658}, "test_ie.txt": {"avg_wer": 0.07608203474438689, "n_words": 90547}, "test_uk.txt": {"avg_wer": 0.05837923084312658, "n_words": 249832}, "test_ph.txt": {"avg_wer": 0.0897792249047014, "n_words": 50368}, "test_de.txt": {"avg_wer": 0.05640982784556243, "n_words": 83762}, "test_ni.txt": {"avg_wer": 0.07226000523149359, "n_words": 61168}, "test_us.txt": {"avg_wer": 0.055042225806319005, "n_words": 729767}, "test_ca.txt": {"avg_wer": 0.054146156758803486, "n_words": 116204}, "test_nz.txt": {"avg_wer": 0.05302297010535721, "n_words": 107444}, "test_sc.txt": {"avg_wer": 0.34325101926721846, "n_words": 146674}}