{"test_za.txt": {"avg_wer": 0.06541738933715406, "n_words": 79566}, "test_sg.txt": {"avg_wer": 0.10376326603009431, "n_words": 33827}, "test_in.txt": {"avg_wer": 0.09186596942963189, "n_words": 193717}, "test_au.txt": {"avg_wer": 0.074449500284391, "n_words": 98456}, "test_hk.txt": {"avg_wer": 0.09711083966222317, "n_words": 37658}, "test_ie.txt": {"avg_wer": 0.07449170044286392, "n_words": 90547}, "test_uk.txt": {"avg_wer": 0.057502641775272985, "n_words": 249832}, "test_ph.txt": {"avg_wer": 0.0877739834815756, "n_words": 50368}, "test_de.txt": {"avg_wer": 0.055657696807621594, "n_words": 83762}, "test_ni.txt": {"avg_wer": 0.06933363850379283, "n_words": 61168}, "test_us.txt": {"avg_wer": 0.0540610907316993, "n_words": 729767}, "test_ca.txt": {"avg_wer": 0.05319094007090978, "n_words": 116204}, "test_nz.txt": {"avg_wer": 0.053506943151781394, "n_words": 107444}, "test_sc.txt": {"avg_wer": 0.33603092572644094, "n_words": 146674}}